[{"model": "films.film", "pk": 35, "fields": {"name": "Taxi Driver"}}, {"model": "films.film", "pk": 36, "fields": {"name": "Godfather"}}, {"model": "films.film", "pk": 37, "fields": {"name": "Fargo"}}, {"model": "films.film", "pk": 38, "fields": {"name": "Big Lebowski"}}, {"model": "films.film", "pk": 39, "fields": {"name": "Mulholland Drive"}}, {"model": "films.film", "pk": 40, "fields": {"name": "Goodfellas"}}, {"model": "films.film", "pk": 41, "fields": {"name": "Raging Bull"}}, {"model": "films.film", "pk": 42, "fields": {"name": "The Shining"}}, {"model": "films.film", "pk": 43, "fields": {"name": "Chinatown"}}, {"model": "films.film", "pk": 44, "fields": {"name": "A Clockwork Orange"}}, {"model": "films.film", "pk": 45, "fields": {"name": "Dr. Strangelove"}}, {"model": "films.film", "pk": 46, "fields": {"name": "Blue Velvet"}}, {"model": "films.film", "pk": 47, "fields": {"name": "No Country for Old Men"}}, {"model": "films.film", "pk": 48, "fields": {"name": "Pulp Fiction"}}, {"model": "films.film", "pk": 49, "fields": {"name": "Escape From New York"}}, {"model": "films.film", "pk": 50, "fields": {"name": "sdgjdshgsdg"}}]
